301,여울,hf mfu eload -f 여울.eml,hf 14a sim -t 7 -u 0410BD022D4C81
302,마스터,hf mfu eload -f 마스터.eml,hf 14a sim -t 7 -u 048C6AAA724C80
303,마추릴라,hf mfu eload -f 마추릴라.eml,hf 14a sim -t 7 -u 04ABBD92724C80
304,파론티노,hf mfu eload -f 파론티노.eml,hf 14a sim -t 7 -u 049C7D92724C80
305,부옥,hf mfu eload -f 부옥.eml,hf 14a sim -t 7 -u 04B7C722314C80
306,밤돌이,hf mfu eload -f 밤돌이.eml,hf 14a sim -t 7 -u 04583262314C81
307,그레이스,hf mfu eload -f 그레이스.eml,hf 14a sim -t 7 -u 04478CB2724C81
308,갑순,hf mfu eload -f 갑순.eml,hf 14a sim -t 7 -u 047C637A724C80
309,도루묵씨,hf mfu eload -f 도루묵씨.eml,hf 14a sim -t 7 -u 04F407022D4C84
310,콩돌이,hf mfu eload -f 콩돌이.eml,hf 14a sim -t 7 -u 0478DA222D4C80
311,솜이,hf mfu eload -f 솜이.eml,hf 14a sim -t 7 -u 04EF08022D4C84
312,스승,hf mfu eload -f 스승.eml,hf 14a sim -t 7 -u 04469EAA724C80
313,베르리나,hf mfu eload -f 베르리나.eml,hf 14a sim -t 7 -u 04DA2FB2724C80
314,죠니,hf mfu eload -f 죠니.eml,hf 14a sim -t 7 -u 04D097AA724C80
315,여욱,hf mfu eload -f 여욱.eml,hf 14a sim -t 7 -u 046096B2724C81
316,토빗,hf mfu eload -f 토빗.eml,hf 14a sim -t 7 -u 04F2BDAA724C80
317,카라멜,hf mfu eload -f 카라멜.eml,hf 14a sim -t 7 -u 044477722E4C81
318,패치,hf mfu eload -f 패치.eml,hf 14a sim -t 7 -u 0421C51A2E4C81
319,링링,hf mfu eload -f 링링.eml,hf 14a sim -t 7 -u 04037122484B81
320,릭,hf mfu eload -f 릭.eml,hf 14a sim -t 7 -u 047EA00A484B81
321,스미모,hf mfu eload -f 스미모.eml,hf 14a sim -t 7 -u 041693E2444B81
322,곤잘레스,hf mfu eload -f 곤잘레스.eml,hf 14a sim -t 7 -u 04B644BA764C80
323,쵸이,hf mfu eload -f 쵸이.eml,hf 14a sim -t 7 -u 04122722484B81
324,글라햄,hf mfu eload -f 글라햄.eml,hf 14a sim -t 7 -u 044BD4BA764C81
325,말자,hf mfu eload -f 말자.eml,hf 14a sim -t 7 -u 044E50E28C4B80
326,휴지,hf mfu eload -f 휴지.eml,hf 14a sim -t 7 -u 0486B512764C81
327,찍순이,hf mfu eload -f 찍순이.eml,hf 14a sim -t 7 -u 045D937A314C81
328,만복이,hf mfu eload -f 만복이.eml,hf 14a sim -t 7 -u 0476B512764C81
329,히킨,hf mfu eload -f 히킨.eml,hf 14a sim -t 7 -u 0413F67A314C81
330,투투,hf mfu eload -f 투투.eml,hf 14a sim -t 7 -u 0459E27A314C81
331,바바라,hf mfu eload -f 바바라.eml,hf 14a sim -t 7 -u 0461FBB22C4C80
332,밥,hf mfu eload -f 밥.eml,hf 14a sim -t 7 -u 048564FA2C4C81
333,사이다,hf mfu eload -f 사이다.eml,hf 14a sim -t 7 -u 04802552484B80
334,자끄,hf mfu eload -f 자끄.eml,hf 14a sim -t 7 -u 04737EFA2C4C80
335,서머,hf mfu eload -f 서머.eml,hf 14a sim -t 7 -u 04FA10AA2C4C84
336,세바스찬,hf mfu eload -f 세바스찬.eml,hf 14a sim -t 7 -u 0439B6B22C4C81
337,택주,hf mfu eload -f 택주.eml,hf 14a sim -t 7 -u 04FF4B72314C80
338,시베리아,hf mfu eload -f 시베리아.eml,hf 14a sim -t 7 -u 04215762314C81
339,웬디,hf mfu eload -f 웬디.eml,hf 14a sim -t 7 -u 04B912022D4C80
340,볼트,hf mfu eload -f 볼트.eml,hf 14a sim -t 7 -u 044A3A7A474B80
341,아델레이드,hf mfu eload -f 아델레이드.eml,hf 14a sim -t 7 -u 0434BD62314C81
342,토미,hf mfu eload -f 토미.eml,hf 14a sim -t 7 -u 0418521A454B81
343,아롱이,hf mfu eload -f 아롱이.eml,hf 14a sim -t 7 -u 04E099E2444B80
344,찰스,hf mfu eload -f 찰스.eml,hf 14a sim -t 7 -u 04514B3A474B80
345,화자,hf mfu eload -f 화자.eml,hf 14a sim -t 7 -u 04D9C422314C80
346,덤벨,hf mfu eload -f 덤벨.eml,hf 14a sim -t 7 -u 04FB96222D4C80
347,아네사,hf mfu eload -f 아네사.eml,hf 14a sim -t 7 -u 04FD721A454B80
348,안토니오,hf mfu eload -f 안토니오.eml,hf 14a sim -t 7 -u 0441AE22314C80
349,루시,hf mfu eload -f 루시.eml,hf 14a sim -t 7 -u 0469F2BA474B80
350,샤브렌,hf mfu eload -f 샤브렌.eml,hf 14a sim -t 7 -u 04CAE8BA474B80
351,가위,hf mfu eload -f 가위.eml,hf 14a sim -t 7 -u 044C8262314C80
352,아더,hf mfu eload -f 아더.eml,hf 14a sim -t 7 -u 04914E22314C80
353,몽자,hf mfu eload -f 몽자.eml,hf 14a sim -t 7 -u 0471A762314C81
354,관록,hf mfu eload -f 관록.eml,hf 14a sim -t 7 -u 04887062314C80
355,미랑,hf mfu eload -f 미랑.eml,hf 14a sim -t 7 -u 045C8162314C80
356,피엘,hf mfu eload -f 피엘.eml,hf 14a sim -t 7 -u 04C69662314C80
357,오로라,hf mfu eload -f 오로라.eml,hf 14a sim -t 7 -u 0442699A724C80
358,마사마,hf mfu eload -f 마사마.eml,hf 14a sim -t 7 -u 04FA599A724C80
359,애플,hf mfu eload -f 애플.eml,hf 14a sim -t 7 -u 04CE8B82724C80
360,쟝,hf mfu eload -f 쟝.eml,hf 14a sim -t 7 -u 0465BFB2764C80
361,타마,hf mfu eload -f 타마.eml,hf 14a sim -t 7 -u 048C69BA724C81
362,스파크,hf mfu eload -f 스파크.eml,hf 14a sim -t 7 -u 043A2E9A724C81
363,티파니,hf mfu eload -f 티파니.eml,hf 14a sim -t 7 -u 04D8F082724C80
364,탁호,hf mfu eload -f 탁호.eml,hf 14a sim -t 7 -u 049D2482724C80
365,체리,hf mfu eload -f 체리.eml,hf 14a sim -t 7 -u 04422482724C81
366,철컥,hf mfu eload -f 철컥.eml,hf 14a sim -t 7 -u 04AC927A474B80
367,실부플레,hf mfu eload -f 실부플레.eml,hf 14a sim -t 7 -u 04AF3D12484B80
368,츄양,hf mfu eload -f 츄양.eml,hf 14a sim -t 7 -u 0436328A474B81
369,실비아,hf mfu eload -f 실비아.eml,hf 14a sim -t 7 -u 04969DB2314C80
370,쪼끼,hf mfu eload -f 쪼끼.eml,hf 14a sim -t 7 -u 04CDBB82724C80
371,라라미,hf mfu eload -f 라라미.eml,hf 14a sim -t 7 -u 040EA8DA184A81
372,토니,hf mfu eload -f 토니.eml,hf 14a sim -t 7 -u 04880DB2764C84
373,주디,hf mfu eload -f 주디.eml,hf 14a sim -t 7 -u 044B86E2474B81
374,탱크,hf mfu eload -f 탱크.eml,hf 14a sim -t 7 -u 044E6FA2764C81
375,아리아,hf mfu eload -f 아리아.eml,hf 14a sim -t 7 -u 04608BAA474B81
376,조르쥐,hf mfu eload -f 조르쥐.eml,hf 14a sim -t 7 -u 041A45B2764C81
377,시드니,hf mfu eload -f 시드니.eml,hf 14a sim -t 7 -u 04100CB2314C85
378,곰시,hf mfu eload -f 곰시.eml,hf 14a sim -t 7 -u 046C9982474B80
379,그리미,hf mfu eload -f 그리미.eml,hf 14a sim -t 7 -u 049DD58A314C80
380,멧지,hf mfu eload -f 멧지.eml,hf 14a sim -t 7 -u 04D73882474B80
381,마릴린,hf mfu eload -f 마릴린.eml,hf 14a sim -t 7 -u 047D4F8A314C80
382,늑태,hf mfu eload -f 늑태.eml,hf 14a sim -t 7 -u 04CABE72474B80
383,데이빗,hf mfu eload -f 데이빗.eml,hf 14a sim -t 7 -u 046C4F8A314C80
384,샐리,hf mfu eload -f 샐리.eml,hf 14a sim -t 7 -u 042D89C2764C81
385,럭키,hf mfu eload -f 럭키.eml,hf 14a sim -t 7 -u 0412A982314C80
386,부케,hf mfu eload -f 부케.eml,hf 14a sim -t 7 -u 04BDC5A2764C80
387,고메스,hf mfu eload -f 고메스.eml,hf 14a sim -t 7 -u 04517AFA474B81
388,앤,hf mfu eload -f 앤.eml,hf 14a sim -t 7 -u 0441A0A2764C80
389,브루스,hf mfu eload -f 브루스.eml,hf 14a sim -t 7 -u 04EFF98A474B80
390,산토스,hf mfu eload -f 산토스.eml,hf 14a sim -t 7 -u 04BF7CB2314C80
391,앨리,hf mfu eload -f 앨리.eml,hf 14a sim -t 7 -u 044ABDAA474B80
392,타키,hf mfu eload -f 타키.eml,hf 14a sim -t 7 -u 04C9279A314C80
393,구리구리,hf mfu eload -f 구리구리.eml,hf 14a sim -t 7 -u 040D83B2314C81
394,무뚝,hf mfu eload -f 무뚝.eml,hf 14a sim -t 7 -u 049088F2474B80
395,파슬리,hf mfu eload -f 파슬리.eml,hf 14a sim -t 7 -u 04E985B2314C80
396,시몬,hf mfu eload -f 시몬.eml,hf 14a sim -t 7 -u 044C3B9A314C80
397,김말이,hf mfu eload -f 김말이.eml,hf 14a sim -t 7 -u 047785B2314C80
398,반데스,hf mfu eload -f 반데스.eml,hf 14a sim -t 7 -u 043AB29A314C81
399,핀틱,hf mfu eload -f 핀틱.eml,hf 14a sim -t 7 -u 040AF89A314C81
400,파틱,hf mfu eload -f 파틱.eml,hf 14a sim -t 7 -u 0449549A314C80
