1,여울,hf mfu eload -f 여울.eml,hf 14a sim -t 7 -u 04E8925A574980
2,너굴,hf mfu eload -f 너굴.eml,hf 14a sim -t 7 -u 0422445AB24881
3,DJ K.K.,hf mfu eload -f DJ K.K..eml,hf 14a sim -t 7 -u 04659172574981
4,고옥이,hf mfu eload -f 고옥이.eml,hf 14a sim -t 7 -u 04BD0772574984
5,갑돌,hf mfu eload -f 갑돌.eml,hf 14a sim -t 7 -u 047CD8D2C14880
6,도루묵씨,hf mfu eload -f 도루묵씨.eml,hf 14a sim -t 7 -u 0499E3D2C14880
7,무파라,hf mfu eload -f 무파라.eml,hf 14a sim -t 7 -u 046AA95AC94881
8,콩돌이,hf mfu eload -f 콩돌이.eml,hf 14a sim -t 7 -u 04B7BBD2C14880
9,켄트,hf mfu eload -f 켄트.eml,hf 14a sim -t 7 -u 045C5E72284980
10,해탈한,hf mfu eload -f 해탈한.eml,hf 14a sim -t 7 -u 047F519A024980
11,카트리나,hf mfu eload -f 카트리나.eml,hf 14a sim -t 7 -u 0490884A544980
12,여욱,hf mfu eload -f 여욱.eml,hf 14a sim -t 7 -u 040C8C4A544981
13,사하라,hf mfu eload -f 사하라.eml,hf 14a sim -t 7 -u 04C1A772284980
14,몽셰르,hf mfu eload -f 몽셰르.eml,hf 14a sim -t 7 -u 04225BD2C14881
15,고북,hf mfu eload -f 고북.eml,hf 14a sim -t 7 -u 046C56D2C14881
16,안심해씨,hf mfu eload -f 안심해씨.eml,hf 14a sim -t 7 -u 047C32D2C14880
17,솜이,hf mfu eload -f 솜이.eml,hf 14a sim -t 7 -u 047728D2C14880
18,히죽,hf mfu eload -f 히죽.eml,hf 14a sim -t 7 -u 0448DA9A024981
19,솔미,hf mfu eload -f 솔미.eml,hf 14a sim -t 7 -u 04BA6A72284980
20,뚝심,hf mfu eload -f 뚝심.eml,hf 14a sim -t 7 -u 04746972284980
21,블랜더,hf mfu eload -f 블랜더.eml,hf 14a sim -t 7 -u 042FB072284981
22,범호,hf mfu eload -f 범호.eml,hf 14a sim -t 7 -u 040A2F82554981
23,아세로라,hf mfu eload -f 아세로라.eml,hf 14a sim -t 7 -u 043A8782554980
24,리카르도,hf mfu eload -f 리카르도.eml,hf 14a sim -t 7 -u 04D3CB8A544980
25,우락,hf mfu eload -f 우락.eml,hf 14a sim -t 7 -u 044EC38A544981
26,뿔님이,hf mfu eload -f 뿔님이.eml,hf 14a sim -t 7 -u 04BEA3DAC14880
27,톰슨,hf mfu eload -f 톰슨.eml,hf 14a sim -t 7 -u 048F59DAC14880
28,에스메랄다,hf mfu eload -f 에스메랄다.eml,hf 14a sim -t 7 -u 042893DAC14880
29,글레이,hf mfu eload -f 글레이.eml,hf 14a sim -t 7 -u 0483A2DAC14880
30,바슬레,hf mfu eload -f 바슬레.eml,hf 14a sim -t 7 -u 04E25C8A544980
31,크리스,hf mfu eload -f 크리스.eml,hf 14a sim -t 7 -u 04394D8A544980
32,글루민,hf mfu eload -f 글루민.eml,hf 14a sim -t 7 -u 043E948A544980
33,코코아,hf mfu eload -f 코코아.eml,hf 14a sim -t 7 -u 0439222ABF4881
34,캐비어,hf mfu eload -f 캐비어.eml,hf 14a sim -t 7 -u 04E75ECAC14880
35,델리,hf mfu eload -f 델리.eml,hf 14a sim -t 7 -u 040B95DAC14881
36,크로커,hf mfu eload -f 크로커.eml,hf 14a sim -t 7 -u 04274552034981
37,가북희,hf mfu eload -f 가북희.eml,hf 14a sim -t 7 -u 04919352034980
38,밀크,hf mfu eload -f 밀크.eml,hf 14a sim -t 7 -u 047EB082554980
39,딩요,hf mfu eload -f 딩요.eml,hf 14a sim -t 7 -u 041FC08A544981
40,린다,hf mfu eload -f 린다.eml,hf 14a sim -t 7 -u 04A7018A544984
41,덕근,hf mfu eload -f 덕근.eml,hf 14a sim -t 7 -u 0424A682554981
42,마리아,hf mfu eload -f 마리아.eml,hf 14a sim -t 7 -u 040F5E8A544981
43,하키,hf mfu eload -f 하키.eml,hf 14a sim -t 7 -u 0454ED8A544980
44,젤리,hf mfu eload -f 젤리.eml,hf 14a sim -t 7 -u 043B3082554981
45,문복,hf mfu eload -f 문복.eml,hf 14a sim -t 7 -u 041F8782554981
46,카로틴,hf mfu eload -f 카로틴.eml,hf 14a sim -t 7 -u 040F1282554981
47,금끼오,hf mfu eload -f 금끼오.eml,hf 14a sim -t 7 -u 0474E88A544980
48,은수리,hf mfu eload -f 은수리.eml,hf 14a sim -t 7 -u 04FA898A544980
49,미미,hf mfu eload -f 미미.eml,hf 14a sim -t 7 -u 043CFD8A544981
50,빙티,hf mfu eload -f 빙티.eml,hf 14a sim -t 7 -u 046A2642034980
51,오팔,hf mfu eload -f 오팔.eml,hf 14a sim -t 7 -u 04ADAA42034980
52,다람,hf mfu eload -f 다람.eml,hf 14a sim -t 7 -u 046D661AC24881
53,단무지,hf mfu eload -f 단무지.eml,hf 14a sim -t 7 -u 04636B1AC24881
54,마리모,hf mfu eload -f 마리모.eml,hf 14a sim -t 7 -u 04598D2A034980
55,닌토,hf mfu eload -f 닌토.eml,hf 14a sim -t 7 -u 040C7A42034980
56,루주,hf mfu eload -f 루주.eml,hf 14a sim -t 7 -u 04A58242034980
57,케인,hf mfu eload -f 케인.eml,hf 14a sim -t 7 -u 046FCC42034981
58,제인,hf mfu eload -f 제인.eml,hf 14a sim -t 7 -u 0448891AC24881
59,박하스,hf mfu eload -f 박하스.eml,hf 14a sim -t 7 -u 04DC751AC24880
60,피스,hf mfu eload -f 피스.eml,hf 14a sim -t 7 -u 0462412A034980
61,연유,hf mfu eload -f 연유.eml,hf 14a sim -t 7 -u 04182C2A034981
62,티본,hf mfu eload -f 티본.eml,hf 14a sim -t 7 -u 04757A42034980
63,민트,hf mfu eload -f 민트.eml,hf 14a sim -t 7 -u 0445892A034980
64,우띠,hf mfu eload -f 우띠.eml,hf 14a sim -t 7 -u 040E8B2A034980
65,핑글이,hf mfu eload -f 핑글이.eml,hf 14a sim -t 7 -u 04200242034985
66,빌리,hf mfu eload -f 빌리.eml,hf 14a sim -t 7 -u 044AE842034980
67,뽀야미,hf mfu eload -f 뽀야미.eml,hf 14a sim -t 7 -u 04DF6D42034980
68,마철이,hf mfu eload -f 마철이.eml,hf 14a sim -t 7 -u 044F7042034980
69,이자벨,hf mfu eload -f 이자벨.eml,hf 14a sim -t 7 -u 042DD542034981
70,가브리엘,hf mfu eload -f 가브리엘.eml,hf 14a sim -t 7 -u 04E6AC2A034980
71,유카리,hf mfu eload -f 유카리.eml,hf 14a sim -t 7 -u 0435B9CAC14880
72,라이오넬,hf mfu eload -f 라이오넬.eml,hf 14a sim -t 7 -u 043192CAC14880
73,레이라,hf mfu eload -f 레이라.eml,hf 14a sim -t 7 -u 0437D4CAC14881
74,박사,hf mfu eload -f 박사.eml,hf 14a sim -t 7 -u 04A2002A034984
75,안데스,hf mfu eload -f 안데스.eml,hf 14a sim -t 7 -u 0476A32A034981
76,드리미,hf mfu eload -f 드리미.eml,hf 14a sim -t 7 -u 046FFD2A034980
77,한나,hf mfu eload -f 한나.eml,hf 14a sim -t 7 -u 04809242034981
78,슈베르트,hf mfu eload -f 슈베르트.eml,hf 14a sim -t 7 -u 0460EACAC14880
79,탱고,hf mfu eload -f 탱고.eml,hf 14a sim -t 7 -u 0415A12A034981
80,코알,hf mfu eload -f 코알.eml,hf 14a sim -t 7 -u 04E30F2A034984
81,곱슬이,hf mfu eload -f 곱슬이.eml,hf 14a sim -t 7 -u 04F29A42034980
82,건태,hf mfu eload -f 건태.eml,hf 14a sim -t 7 -u 048A6252884981
83,설백,hf mfu eload -f 설백.eml,hf 14a sim -t 7 -u 04700192894984
84,땡칠이,hf mfu eload -f 땡칠이.eml,hf 14a sim -t 7 -u 04314F22034980
85,브리트니,hf mfu eload -f 브리트니.eml,hf 14a sim -t 7 -u 0434C222034981
86,대장,hf mfu eload -f 대장.eml,hf 14a sim -t 7 -u 04F5F75A574980
87,릴리안,hf mfu eload -f 릴리안.eml,hf 14a sim -t 7 -u 04838372574981
88,햄둥,hf mfu eload -f 햄둥.eml,hf 14a sim -t 7 -u 047A855AC94881
89,나탈리,hf mfu eload -f 나탈리.eml,hf 14a sim -t 7 -u 048B8E5A574981
90,엑스엘리,hf mfu eload -f 엑스엘리.eml,hf 14a sim -t 7 -u 04407572574981
91,프릴,hf mfu eload -f 프릴.eml,hf 14a sim -t 7 -u 04828F5A574980
92,헨리,hf mfu eload -f 헨리.eml,hf 14a sim -t 7 -u 0487A45A574980
93,베티,hf mfu eload -f 베티.eml,hf 14a sim -t 7 -u 0404765A574981
94,사지마,hf mfu eload -f 사지마.eml,hf 14a sim -t 7 -u 046ECEFAC14881
95,핑키,hf mfu eload -f 핑키.eml,hf 14a sim -t 7 -u 040D8872574981
96,아마민,hf mfu eload -f 아마민.eml,hf 14a sim -t 7 -u 048CA772574981
97,마리,hf mfu eload -f 마리.eml,hf 14a sim -t 7 -u 04C83172574980
98,펭수,hf mfu eload -f 펭수.eml,hf 14a sim -t 7 -u 045D8B72574980
99,귀오미,hf mfu eload -f 귀오미.eml,hf 14a sim -t 7 -u 042DDA5A574980
100,벤,hf mfu eload -f 벤.eml,hf 14a sim -t 7 -u 044AE5FAC14881
