1,여울,hf mfu eload -f amii/여울.eml,hf 14a sim -t 7 -u 04E8925A574980
2,너굴,hf mfu eload -f amii/너굴.eml,hf 14a sim -t 7 -u 0422445AB24881
3,DJ K.K.,hf mfu eload -f amii/DJ K.K..eml,hf 14a sim -t 7 -u 04659172574981
4,고옥이,hf mfu eload -f amii/고옥이.eml,hf 14a sim -t 7 -u 04BD0772574984
5,갑돌,hf mfu eload -f amii/갑돌.eml,hf 14a sim -t 7 -u 047CD8D2C14880
6,도루묵씨,hf mfu eload -f amii/도루묵씨.eml,hf 14a sim -t 7 -u 0499E3D2C14880
7,무파라,hf mfu eload -f amii/무파라.eml,hf 14a sim -t 7 -u 046AA95AC94881
8,콩돌이,hf mfu eload -f amii/콩돌이.eml,hf 14a sim -t 7 -u 04B7BBD2C14880
9,켄트,hf mfu eload -f amii/켄트.eml,hf 14a sim -t 7 -u 045C5E72284980
10,해탈한,hf mfu eload -f amii/해탈한.eml,hf 14a sim -t 7 -u 047F519A024980
11,카트리나,hf mfu eload -f amii/카트리나.eml,hf 14a sim -t 7 -u 0490884A544980
12,여욱,hf mfu eload -f amii/여욱.eml,hf 14a sim -t 7 -u 040C8C4A544981
13,사하라,hf mfu eload -f amii/사하라.eml,hf 14a sim -t 7 -u 04C1A772284980
14,몽셰르,hf mfu eload -f amii/몽셰르.eml,hf 14a sim -t 7 -u 04225BD2C14881
15,고북,hf mfu eload -f amii/고북.eml,hf 14a sim -t 7 -u 046C56D2C14881
16,안심해씨,hf mfu eload -f amii/안심해씨.eml,hf 14a sim -t 7 -u 047C32D2C14880
17,솜이,hf mfu eload -f amii/솜이.eml,hf 14a sim -t 7 -u 047728D2C14880
18,히죽,hf mfu eload -f amii/히죽.eml,hf 14a sim -t 7 -u 0448DA9A024981
19,솔미,hf mfu eload -f amii/솔미.eml,hf 14a sim -t 7 -u 04BA6A72284980
20,뚝심,hf mfu eload -f amii/뚝심.eml,hf 14a sim -t 7 -u 04746972284980
21,블랜더,hf mfu eload -f amii/블랜더.eml,hf 14a sim -t 7 -u 042FB072284981
22,범호,hf mfu eload -f amii/범호.eml,hf 14a sim -t 7 -u 040A2F82554981
23,아세로라,hf mfu eload -f amii/아세로라.eml,hf 14a sim -t 7 -u 043A8782554980
24,리카르도,hf mfu eload -f amii/리카르도.eml,hf 14a sim -t 7 -u 04D3CB8A544980
25,우락,hf mfu eload -f amii/우락.eml,hf 14a sim -t 7 -u 044EC38A544981
26,뿔님이,hf mfu eload -f amii/뿔님이.eml,hf 14a sim -t 7 -u 04BEA3DAC14880
27,톰슨,hf mfu eload -f amii/톰슨.eml,hf 14a sim -t 7 -u 048F59DAC14880
28,에스메랄다,hf mfu eload -f amii/에스메랄다.eml,hf 14a sim -t 7 -u 042893DAC14880
29,글레이,hf mfu eload -f amii/글레이.eml,hf 14a sim -t 7 -u 0483A2DAC14880
30,바슬레,hf mfu eload -f amii/바슬레.eml,hf 14a sim -t 7 -u 04E25C8A544980
31,크리스,hf mfu eload -f amii/크리스.eml,hf 14a sim -t 7 -u 04394D8A544980
32,글루민,hf mfu eload -f amii/글루민.eml,hf 14a sim -t 7 -u 043E948A544980
33,코코아,hf mfu eload -f amii/코코아.eml,hf 14a sim -t 7 -u 0439222ABF4881
34,캐비어,hf mfu eload -f amii/캐비어.eml,hf 14a sim -t 7 -u 04E75ECAC14880
35,델리,hf mfu eload -f amii/델리.eml,hf 14a sim -t 7 -u 040B95DAC14881
36,크로커,hf mfu eload -f amii/크로커.eml,hf 14a sim -t 7 -u 04274552034981
37,가북희,hf mfu eload -f amii/가북희.eml,hf 14a sim -t 7 -u 04919352034980
38,밀크,hf mfu eload -f amii/밀크.eml,hf 14a sim -t 7 -u 047EB082554980
39,딩요,hf mfu eload -f amii/딩요.eml,hf 14a sim -t 7 -u 041FC08A544981
40,린다,hf mfu eload -f amii/린다.eml,hf 14a sim -t 7 -u 04A7018A544984
41,덕근,hf mfu eload -f amii/덕근.eml,hf 14a sim -t 7 -u 0424A682554981
42,마리아,hf mfu eload -f amii/마리아.eml,hf 14a sim -t 7 -u 040F5E8A544981
43,하키,hf mfu eload -f amii/하키.eml,hf 14a sim -t 7 -u 0454ED8A544980
44,젤리,hf mfu eload -f amii/젤리.eml,hf 14a sim -t 7 -u 043B3082554981
45,문복,hf mfu eload -f amii/문복.eml,hf 14a sim -t 7 -u 041F8782554981
46,카로틴,hf mfu eload -f amii/카로틴.eml,hf 14a sim -t 7 -u 040F1282554981
47,금끼오,hf mfu eload -f amii/금끼오.eml,hf 14a sim -t 7 -u 0474E88A544980
48,은수리,hf mfu eload -f amii/은수리.eml,hf 14a sim -t 7 -u 04FA898A544980
49,미미,hf mfu eload -f amii/미미.eml,hf 14a sim -t 7 -u 043CFD8A544981
50,빙티,hf mfu eload -f amii/빙티.eml,hf 14a sim -t 7 -u 046A2642034980
51,오팔,hf mfu eload -f amii/오팔.eml,hf 14a sim -t 7 -u 04ADAA42034980
52,다람,hf mfu eload -f amii/다람.eml,hf 14a sim -t 7 -u 046D661AC24881
53,단무지,hf mfu eload -f amii/단무지.eml,hf 14a sim -t 7 -u 04636B1AC24881
54,마리모,hf mfu eload -f amii/마리모.eml,hf 14a sim -t 7 -u 04598D2A034980
55,닌토,hf mfu eload -f amii/닌토.eml,hf 14a sim -t 7 -u 040C7A42034980
56,루주,hf mfu eload -f amii/루주.eml,hf 14a sim -t 7 -u 04A58242034980
57,케인,hf mfu eload -f amii/케인.eml,hf 14a sim -t 7 -u 046FCC42034981
58,제인,hf mfu eload -f amii/제인.eml,hf 14a sim -t 7 -u 0448891AC24881
59,박하스,hf mfu eload -f amii/박하스.eml,hf 14a sim -t 7 -u 04DC751AC24880
60,피스,hf mfu eload -f amii/피스.eml,hf 14a sim -t 7 -u 0462412A034980
61,연유,hf mfu eload -f amii/연유.eml,hf 14a sim -t 7 -u 04182C2A034981
62,티본,hf mfu eload -f amii/티본.eml,hf 14a sim -t 7 -u 04757A42034980
63,민트,hf mfu eload -f amii/민트.eml,hf 14a sim -t 7 -u 0445892A034980
64,우띠,hf mfu eload -f amii/우띠.eml,hf 14a sim -t 7 -u 040E8B2A034980
65,핑글이,hf mfu eload -f amii/핑글이.eml,hf 14a sim -t 7 -u 04200242034985
66,빌리,hf mfu eload -f amii/빌리.eml,hf 14a sim -t 7 -u 044AE842034980
67,뽀야미,hf mfu eload -f amii/뽀야미.eml,hf 14a sim -t 7 -u 04DF6D42034980
68,마철이,hf mfu eload -f amii/마철이.eml,hf 14a sim -t 7 -u 044F7042034980
69,이자벨,hf mfu eload -f amii/이자벨.eml,hf 14a sim -t 7 -u 042DD542034981
70,가브리엘,hf mfu eload -f amii/가브리엘.eml,hf 14a sim -t 7 -u 04E6AC2A034980
71,유카리,hf mfu eload -f amii/유카리.eml,hf 14a sim -t 7 -u 0435B9CAC14880
72,라이오넬,hf mfu eload -f amii/라이오넬.eml,hf 14a sim -t 7 -u 043192CAC14880
73,레이라,hf mfu eload -f amii/레이라.eml,hf 14a sim -t 7 -u 0437D4CAC14881
74,박사,hf mfu eload -f amii/박사.eml,hf 14a sim -t 7 -u 04A2002A034984
75,안데스,hf mfu eload -f amii/안데스.eml,hf 14a sim -t 7 -u 0476A32A034981
76,드리미,hf mfu eload -f amii/드리미.eml,hf 14a sim -t 7 -u 046FFD2A034980
77,한나,hf mfu eload -f amii/한나.eml,hf 14a sim -t 7 -u 04809242034981
78,슈베르트,hf mfu eload -f amii/슈베르트.eml,hf 14a sim -t 7 -u 0460EACAC14880
79,탱고,hf mfu eload -f amii/탱고.eml,hf 14a sim -t 7 -u 0415A12A034981
80,코알,hf mfu eload -f amii/코알.eml,hf 14a sim -t 7 -u 04E30F2A034984
81,곱슬이,hf mfu eload -f amii/곱슬이.eml,hf 14a sim -t 7 -u 04F29A42034980
82,건태,hf mfu eload -f amii/건태.eml,hf 14a sim -t 7 -u 048A6252884981
83,설백,hf mfu eload -f amii/설백.eml,hf 14a sim -t 7 -u 04700192894984
84,땡칠이,hf mfu eload -f amii/땡칠이.eml,hf 14a sim -t 7 -u 04314F22034980
85,브리트니,hf mfu eload -f amii/브리트니.eml,hf 14a sim -t 7 -u 0434C222034981
86,대장,hf mfu eload -f amii/대장.eml,hf 14a sim -t 7 -u 04F5F75A574980
87,릴리안,hf mfu eload -f amii/릴리안.eml,hf 14a sim -t 7 -u 04838372574981
88,햄둥,hf mfu eload -f amii/햄둥.eml,hf 14a sim -t 7 -u 047A855AC94881
89,나탈리,hf mfu eload -f amii/나탈리.eml,hf 14a sim -t 7 -u 048B8E5A574981
90,엑스엘리,hf mfu eload -f amii/엑스엘리.eml,hf 14a sim -t 7 -u 04407572574981
91,프릴,hf mfu eload -f amii/프릴.eml,hf 14a sim -t 7 -u 04828F5A574980
92,헨리,hf mfu eload -f amii/헨리.eml,hf 14a sim -t 7 -u 0487A45A574980
93,베티,hf mfu eload -f amii/베티.eml,hf 14a sim -t 7 -u 0404765A574981
94,사지마,hf mfu eload -f amii/사지마.eml,hf 14a sim -t 7 -u 046ECEFAC14881
95,핑키,hf mfu eload -f amii/핑키.eml,hf 14a sim -t 7 -u 040D8872574981
96,아마민,hf mfu eload -f amii/아마민.eml,hf 14a sim -t 7 -u 048CA772574981
97,마리,hf mfu eload -f amii/마리.eml,hf 14a sim -t 7 -u 04C83172574980
98,펭수,hf mfu eload -f amii/펭수.eml,hf 14a sim -t 7 -u 045D8B72574980
99,귀오미,hf mfu eload -f amii/귀오미.eml,hf 14a sim -t 7 -u 042DDA5A574980
100,벤,hf mfu eload -f amii/벤.eml,hf 14a sim -t 7 -u 044AE5FAC14881
101,K.K,hf mfu eload -f amii/K.K.eml,hf 14a sim -t 7 -u 04A946EAEF4980
102,리사,hf mfu eload -f amii/리사.eml,hf 14a sim -t 7 -u 04716372E94980
103,패트릭,hf mfu eload -f amii/패트릭.eml,hf 14a sim -t 7 -u 0491251AEE4980
104,케이트,hf mfu eload -f amii/케이트.eml,hf 14a sim -t 7 -u 04C00AAAEE4980
105,경찰관A,hf mfu eload -f amii/경찰관A.eml,hf 14a sim -t 7 -u 0447A48AE94981
106,경찰관B,hf mfu eload -f amii/경찰관B.eml,hf 14a sim -t 7 -u 04DAF28AE94980
107,미야,hf mfu eload -f amii/미야.eml,hf 14a sim -t 7 -u 042B233AEE4981
108,밤돌이,hf mfu eload -f amii/밤돌이.eml,hf 14a sim -t 7 -u 0446619AE94981
109,역무원,hf mfu eload -f amii/역무원.eml,hf 14a sim -t 7 -u 04A52472E94980
110,꼬미,hf mfu eload -f amii/꼬미.eml,hf 14a sim -t 7 -u 0432E2EAEF4980
111,스승,hf mfu eload -f amii/스승.eml,hf 14a sim -t 7 -u 0470EAEAEF4980
112,오루묵씨,hf mfu eload -f amii/오루묵씨.eml,hf 14a sim -t 7 -u 044E7422E14981
113,여울,hf mfu eload -f amii/여울.eml,hf 14a sim -t 7 -u 04083FEAEF4981
114,아트고양이,hf mfu eload -f amii/아트고양이.eml,hf 14a sim -t 7 -u 04612072E94980
115,멜레옹,hf mfu eload -f amii/멜레옹.eml,hf 14a sim -t 7 -u 040DAB72E94980
116,뚱달,hf mfu eload -f amii/뚱달.eml,hf 14a sim -t 7 -u 04C59B72E94980
117,펌킹,hf mfu eload -f amii/펌킹.eml,hf 14a sim -t 7 -u 04438202E94980
118,봉추,hf mfu eload -f amii/봉추.eml,hf 14a sim -t 7 -u 04FF624AED4980
119,예링,hf mfu eload -f amii/예링.eml,hf 14a sim -t 7 -u 0431BC22ED4981
120,동동이,hf mfu eload -f amii/동동이.eml,hf 14a sim -t 7 -u 046FC92AE14981
121,티나,hf mfu eload -f amii/티나.eml,hf 14a sim -t 7 -u 0464333AE14980
122,마스카라스,hf mfu eload -f amii/마스카라스.eml,hf 14a sim -t 7 -u 0441591AE14981
123,제시카,hf mfu eload -f amii/제시카.eml,hf 14a sim -t 7 -u 04B79F1AE14980
124,올리버,hf mfu eload -f amii/올리버.eml,hf 14a sim -t 7 -u 04BD2F1AE14980
125,폴라,hf mfu eload -f amii/폴라.eml,hf 14a sim -t 7 -u 04213D4AED4981
126,철소,hf mfu eload -f amii/철소.eml,hf 14a sim -t 7 -u 04B02C4AED4980
127,애플리케,hf mfu eload -f amii/애플리케.eml,hf 14a sim -t 7 -u 04986242ED4980
128,밴덤,hf mfu eload -f amii/밴덤.eml,hf 14a sim -t 7 -u 04057D42ED4981
129,마틸다,hf mfu eload -f amii/마틸다.eml,hf 14a sim -t 7 -u 04957142ED4980
130,카일,hf mfu eload -f amii/카일.eml,hf 14a sim -t 7 -u 04EEB1FAE84980
131,나키,hf mfu eload -f amii/나키.eml,hf 14a sim -t 7 -u 0453CE4AED4980
132,곰비,hf mfu eload -f amii/곰비.eml,hf 14a sim -t 7 -u 048793FAE84981
133,사반나,hf mfu eload -f amii/사반나.eml,hf 14a sim -t 7 -u 04228F5AED4980
134,염두리,hf mfu eload -f amii/염두리.eml,hf 14a sim -t 7 -u 04665032284981
135,휘니,hf mfu eload -f amii/휘니.eml,hf 14a sim -t 7 -u 04329A5AED4980
136,김희,hf mfu eload -f amii/김희.eml,hf 14a sim -t 7 -u 04428EFAE84980
137,베리,hf mfu eload -f amii/베리.eml,hf 14a sim -t 7 -u 04752C52ED4980
138,하이드,hf mfu eload -f amii/하이드.eml,hf 14a sim -t 7 -u 04E6849AE94980
139,실루엣,hf mfu eload -f amii/실루엣.eml,hf 14a sim -t 7 -u 04279932E14981
140,쿠스케처,hf mfu eload -f amii/쿠스케처.eml,hf 14a sim -t 7 -u 046144FAE84980
141,키키,hf mfu eload -f amii/키키.eml,hf 14a sim -t 7 -u 04253DEA894981
142,문대,hf mfu eload -f amii/문대.eml,hf 14a sim -t 7 -u 045A385AED4980
143,올리비아,hf mfu eload -f amii/올리비아.eml,hf 14a sim -t 7 -u 04B16BDAEE4980
144,앨런,hf mfu eload -f amii/앨런.eml,hf 14a sim -t 7 -u 04046452ED4981
145,초코,hf mfu eload -f amii/초코.eml,hf 14a sim -t 7 -u 0472DCFAE84980
146,지미,hf mfu eload -f amii/지미.eml,hf 14a sim -t 7 -u 045EB65AED4981
147,지키미,hf mfu eload -f amii/지키미.eml,hf 14a sim -t 7 -u 04219962ED4981
148,비앙카,hf mfu eload -f amii/비앙카.eml,hf 14a sim -t 7 -u 04715812B34980
149,브로콜리,hf mfu eload -f amii/브로콜리.eml,hf 14a sim -t 7 -u 0446C20AE94981
150,이요,hf mfu eload -f amii/이요.eml,hf 14a sim -t 7 -u 04609462ED4980
151,거무틱,hf mfu eload -f amii/거무틱.eml,hf 14a sim -t 7 -u 045C2262ED4980
152,눈송이,hf mfu eload -f amii/눈송이.eml,hf 14a sim -t 7 -u 046E070AE94984
153,알베르트,hf mfu eload -f amii/알베르트.eml,hf 14a sim -t 7 -u 043A2512B34981
154,론다,hf mfu eload -f amii/론다.eml,hf 14a sim -t 7 -u 045CE512B34980
155,존,hf mfu eload -f amii/존.eml,hf 14a sim -t 7 -u 043F4362B34981
156,패티카,hf mfu eload -f amii/패티카.eml,hf 14a sim -t 7 -u 04FD2E1AE94980
157,핑,hf mfu eload -f amii/핑.eml,hf 14a sim -t 7 -u 040DEE1AE94981
158,잔디,hf mfu eload -f amii/잔디.eml,hf 14a sim -t 7 -u 04A36CDA014980
159,넬슨,hf mfu eload -f amii/넬슨.eml,hf 14a sim -t 7 -u 046FABDA014981
160,재스민,hf mfu eload -f amii/재스민.eml,hf 14a sim -t 7 -u 04B01412ED4980
161,병태,hf mfu eload -f amii/병태.eml,hf 14a sim -t 7 -u 04E960DA014980
162,안젤라,hf mfu eload -f amii/안젤라.eml,hf 14a sim -t 7 -u 04477F7AED4980
163,꺼벙,hf mfu eload -f amii/꺼벙.eml,hf 14a sim -t 7 -u 04A3E262ED4980
164,백희,hf mfu eload -f amii/백희.eml,hf 14a sim -t 7 -u 04BF8E32ED4980
165,리키,hf mfu eload -f amii/리키.eml,hf 14a sim -t 7 -u 045A696AED4980
166,쇼콜라,hf mfu eload -f amii/쇼콜라.eml,hf 14a sim -t 7 -u 0429D632ED4980
167,피터,hf mfu eload -f amii/피터.eml,hf 14a sim -t 7 -u 043052DA014980
168,순이,hf mfu eload -f amii/순이.eml,hf 14a sim -t 7 -u 04F15E32ED4980
169,선글,hf mfu eload -f amii/선글.eml,hf 14a sim -t 7 -u 04A9EEAAE94980
170,루나,hf mfu eload -f amii/루나.eml,hf 14a sim -t 7 -u 040C291AE94981
171,페니실린,hf mfu eload -f amii/페니실린.eml,hf 14a sim -t 7 -u 0457B562B34981
172,아그네스,hf mfu eload -f amii/아그네스.eml,hf 14a sim -t 7 -u 04B38112ED4980
173,유니오,hf mfu eload -f amii/유니오.eml,hf 14a sim -t 7 -u 048D8E72ED4981
174,마르카,hf mfu eload -f amii/마르카.eml,hf 14a sim -t 7 -u 04109B2AED4981
175,참돌이,hf mfu eload -f amii/참돌이.eml,hf 14a sim -t 7 -u 0477D31AED4980
176,크리미,hf mfu eload -f amii/크리미.eml,hf 14a sim -t 7 -u 04ACDE1AED4980
177,원승,hf mfu eload -f amii/원승.eml,hf 14a sim -t 7 -u 04D0EEDA014980
178,먹고파,hf mfu eload -f amii/먹고파.eml,hf 14a sim -t 7 -u 04D45242ED4980
179,달만이,hf mfu eload -f amii/달만이.eml,hf 14a sim -t 7 -u 04404922ED4980
180,레베카,hf mfu eload -f amii/레베카.eml,hf 14a sim -t 7 -u 04BABC42ED4980
181,푸아그라,hf mfu eload -f amii/푸아그라.eml,hf 14a sim -t 7 -u 046CA422ED4980
182,멜버른,hf mfu eload -f amii/멜버른.eml,hf 14a sim -t 7 -u 04BD6532EE4980
183,충성,hf mfu eload -f amii/충성.eml,hf 14a sim -t 7 -u 04923E3AED4980
184,라자냐,hf mfu eload -f amii/라자냐.eml,hf 14a sim -t 7 -u 04106962E94981
185,돈후앙,hf mfu eload -f amii/돈후앙.eml,hf 14a sim -t 7 -u 04E5F062E94980
186,챠미,hf mfu eload -f amii/챠미.eml,hf 14a sim -t 7 -u 0461FA1AED4980
187,노르망,hf mfu eload -f amii/노르망.eml,hf 14a sim -t 7 -u 045B947AED4980
188,클레오,hf mfu eload -f amii/클레오.eml,hf 14a sim -t 7 -u 04839D82ED4981
189,덕,hf mfu eload -f amii/덕.eml,hf 14a sim -t 7 -u 0425C82AED4981
190,메리어스,hf mfu eload -f amii/메리어스.eml,hf 14a sim -t 7 -u 04D4E7E2EF4980
191,에드워드,hf mfu eload -f amii/에드워드.eml,hf 14a sim -t 7 -u 047EA01AE94981
192,패트라,hf mfu eload -f amii/패트라.eml,hf 14a sim -t 7 -u 04D64B1AE94980
193,프랭크,hf mfu eload -f amii/프랭크.eml,hf 14a sim -t 7 -u 04B58A1AE94980
194,빅토리아,hf mfu eload -f amii/빅토리아.eml,hf 14a sim -t 7 -u 048ECDE2EF4980
195,햄쥐,hf mfu eload -f amii/햄쥐.eml,hf 14a sim -t 7 -u 04ECE71AE94980
196,산드라,hf mfu eload -f amii/산드라.eml,hf 14a sim -t 7 -u 04948962B34980
197,1호,hf mfu eload -f amii/1호.eml,hf 14a sim -t 7 -u 04EF901AE94980
198,2호,hf mfu eload -f amii/2호.eml,hf 14a sim -t 7 -u 04562B32EE4981
199,3호,hf mfu eload -f amii/3호.eml,hf 14a sim -t 7 -u 04776622ED4981
200,4호,hf mfu eload -f amii/4호.eml,hf 14a sim -t 7 -u 046CDD62B34980
201,낮선고양이,hf mfu eload -f amii/낮선고양이.eml,hf 14a sim -t 7 -u 045727328D4B80
202,부엉,hf mfu eload -f amii/부엉.eml,hf 14a sim -t 7 -u 04C108622C4C84
203,너굴,hf mfu eload -f amii/너굴.eml,hf 14a sim -t 7 -u 048F85F28C4B80
204,펠리,hf mfu eload -f amii/펠리.eml,hf 14a sim -t 7 -u 043AD8622C4C80
205,펠리미,hf mfu eload -f amii/펠리미.eml,hf 14a sim -t 7 -u 043E49C2FE4A80
206,펠리오,hf mfu eload -f amii/펠리오.eml,hf 14a sim -t 7 -u 043D38C2FE4A80
207,고순이,hf mfu eload -f amii/고순이.eml,hf 14a sim -t 7 -u 04388E5A8D4B81
208,늘봉,hf mfu eload -f amii/늘봉.eml,hf 14a sim -t 7 -u 044941C2FE4A81
209,고파유,hf mfu eload -f amii/고파유.eml,hf 14a sim -t 7 -u 04517F428D4B80
210,리포,hf mfu eload -f amii/리포.eml,hf 14a sim -t 7 -u 044775428D4B80
211,귀녀,hf mfu eload -f amii/귀녀.eml,hf 14a sim -t 7 -u 0433F772254B81
212,콩돌이,hf mfu eload -f amii/콩돌이.eml,hf 14a sim -t 7 -u 0460D2328D4B80
213,켄트,hf mfu eload -f amii/켄트.eml,hf 14a sim -t 7 -u 048642428D4B80
214,오루묵씨,hf mfu eload -f amii/오루묵씨.eml,hf 14a sim -t 7 -u 043731722C4C81
215,여울,hf mfu eload -f amii/여울.eml,hf 14a sim -t 7 -u 04ABAC622C4C80
216,프랭클린,hf mfu eload -f amii/프랭클린.eml,hf 14a sim -t 7 -u 041CC6D28C4B80
217,루돌,hf mfu eload -f amii/루돌.eml,hf 14a sim -t 7 -u 04BB6C622C4C80
218,레이니,hf mfu eload -f amii/레이니.eml,hf 14a sim -t 7 -u 0430A2F28C4B80
219,안쵸비,hf mfu eload -f amii/안쵸비.eml,hf 14a sim -t 7 -u 04D16D3A2D4C80
220,호냥이,hf mfu eload -f amii/호냥이.eml,hf 14a sim -t 7 -u 044784F28C4B80
221,아이다호,hf mfu eload -f amii/아이다호.eml,hf 14a sim -t 7 -u 04CBDFC2FE4A80
222,미란다,hf mfu eload -f amii/미란다.eml,hf 14a sim -t 7 -u 043B5DF28C4B80
223,파도맨,hf mfu eload -f amii/파도맨.eml,hf 14a sim -t 7 -u 0448D4CA8C4B81
224,레이첼,hf mfu eload -f amii/레이첼.eml,hf 14a sim -t 7 -u 04F85AF28C4B80
225,오골,hf mfu eload -f amii/오골.eml,hf 14a sim -t 7 -u 046866F28C4B80
226,마르,hf mfu eload -f amii/마르.eml,hf 14a sim -t 7 -u 04505DF28C4B81
227,로데오,hf mfu eload -f amii/로데오.eml,hf 14a sim -t 7 -u 04D068F28C4B80
228,차코,hf mfu eload -f amii/차코.eml,hf 14a sim -t 7 -u 041564F28C4B81
229,왕서방,hf mfu eload -f amii/왕서방.eml,hf 14a sim -t 7 -u 04655CF28C4B81
230,벨마,hf mfu eload -f amii/벨마.eml,hf 14a sim -t 7 -u 0400A0CA8C4B81
231,킹,hf mfu eload -f amii/킹.eml,hf 14a sim -t 7 -u 046339CA8C4B81
232,캔버라,hf mfu eload -f amii/캔버라.eml,hf 14a sim -t 7 -u 045D7ACA8C4B80
233,안소니,hf mfu eload -f amii/안소니.eml,hf 14a sim -t 7 -u 044AD7CA8C4B80
234,문리나,hf mfu eload -f amii/문리나.eml,hf 14a sim -t 7 -u 04549CFA8C4B81
235,포크,hf mfu eload -f amii/포크.eml,hf 14a sim -t 7 -u 04DA21EA8C4B80
236,다랑어,hf mfu eload -f amii/다랑어.eml,hf 14a sim -t 7 -u 042F45FA8C4B81
237,록키,hf mfu eload -f amii/록키.eml,hf 14a sim -t 7 -u 042E9CEA8C4B80
238,사브리나,hf mfu eload -f amii/사브리나.eml,hf 14a sim -t 7 -u 042584FA8C4B81
239,갈가리,hf mfu eload -f amii/갈가리.eml,hf 14a sim -t 7 -u 046A47EA8C4B80
240,나디아,hf mfu eload -f amii/나디아.eml,hf 14a sim -t 7 -u 043999EA8C4B80
241,스나일,hf mfu eload -f amii/스나일.eml,hf 14a sim -t 7 -u 042115EA8C4B81
242,윤이,hf mfu eload -f amii/윤이.eml,hf 14a sim -t 7 -u 049EF0BAFE4A80
243,용남이,hf mfu eload -f amii/용남이.eml,hf 14a sim -t 7 -u 048266BAFE4A81
244,백프로,hf mfu eload -f amii/백프로.eml,hf 14a sim -t 7 -u 045C88C28C4B80
245,챔프,hf mfu eload -f amii/챔프.eml,hf 14a sim -t 7 -u 042685C28C4B81
246,엘레핀,hf mfu eload -f amii/엘레핀.eml,hf 14a sim -t 7 -u 0436C1BAFE4A81
247,샘,hf mfu eload -f amii/샘.eml,hf 14a sim -t 7 -u 0416B8C28C4B80
248,아이리스,hf mfu eload -f amii/아이리스.eml,hf 14a sim -t 7 -u 047CB5C28C4B81
249,베어드,hf mfu eload -f amii/베어드.eml,hf 14a sim -t 7 -u 042F5DC28C4B80
250,에바,hf mfu eload -f amii/에바.eml,hf 14a sim -t 7 -u 04D7D7028D4B80
251,팬타,hf mfu eload -f amii/팬타.eml,hf 14a sim -t 7 -u 04708E028D4B80
252,유네찌,hf mfu eload -f amii/유네찌.eml,hf 14a sim -t 7 -u 045879028D4B81
253,토시,hf mfu eload -f amii/토시.eml,hf 14a sim -t 7 -u 044EEFF28C4B80
254,복자,hf mfu eload -f amii/복자.eml,hf 14a sim -t 7 -u 04854E3A8D4B80
255,로보,hf mfu eload -f amii/로보.eml,hf 14a sim -t 7 -u 04ABE6028D4B80
256,아이다,hf mfu eload -f amii/아이다.eml,hf 14a sim -t 7 -u 041284028D4B80
257,곰도로스,hf mfu eload -f amii/곰도로스.eml,hf 14a sim -t 7 -u 04FFFB028D4B80
258,바닐라,hf mfu eload -f amii/바닐라.eml,hf 14a sim -t 7 -u 041DD6D28C4B81
259,땀띠,hf mfu eload -f amii/땀띠.eml,hf 14a sim -t 7 -u 048290EA8C4B80
260,에이프릴,hf mfu eload -f amii/에이프릴.eml,hf 14a sim -t 7 -u 04325FEA8C4B80
261,맘모,hf mfu eload -f amii/맘모.eml,hf 14a sim -t 7 -u 0450C1EA8C4B81
262,신옥,hf mfu eload -f amii/신옥.eml,hf 14a sim -t 7 -u 04F4B9028D4B80
263,대길,hf mfu eload -f amii/대길.eml,hf 14a sim -t 7 -u 0455CBF28C4B81
264,쭈니,hf mfu eload -f amii/쭈니.eml,hf 14a sim -t 7 -u 045B75028D4B81
265,꽃지,hf mfu eload -f amii/꽃지.eml,hf 14a sim -t 7 -u 04F2C9028D4B80
266,리처드,hf mfu eload -f amii/리처드.eml,hf 14a sim -t 7 -u 04052B722C4C81
267,로타,hf mfu eload -f amii/로타.eml,hf 14a sim -t 7 -u 044698622C4C81
268,바야시코프,hf mfu eload -f amii/바야시코프.eml,hf 14a sim -t 7 -u 044323722C4C81
269,사라,hf mfu eload -f amii/사라.eml,hf 14a sim -t 7 -u 046D24722C4C80
270,마이크,hf mfu eload -f amii/마이크.eml,hf 14a sim -t 7 -u 045F72622C4C81
271,카를로스,hf mfu eload -f amii/카를로스.eml,hf 14a sim -t 7 -u 041C20622C4C81
272,릴리,hf mfu eload -f amii/릴리.eml,hf 14a sim -t 7 -u 0410DB5A8D4B81
273,진상,hf mfu eload -f amii/진상.eml,hf 14a sim -t 7 -u 040FCF5A8D4B81
274,플라라,hf mfu eload -f amii/플라라.eml,hf 14a sim -t 7 -u 0442F9BAFE4A81
275,햄스틴,hf mfu eload -f amii/햄스틴.eml,hf 14a sim -t 7 -u 04E8CCC28C4B80
276,펑키맘,hf mfu eload -f amii/펑키맘.eml,hf 14a sim -t 7 -u 04725DC28C4B80
277,몽티,hf mfu eload -f amii/몽티.eml,hf 14a sim -t 7 -u 04CF7ABAFE4A80
278,티미,hf mfu eload -f amii/티미.eml,hf 14a sim -t 7 -u 04D926622C4C80
279,로빈,hf mfu eload -f amii/로빈.eml,hf 14a sim -t 7 -u 0413F05A8D4B81
280,센트엘로,hf mfu eload -f amii/센트엘로.eml,hf 14a sim -t 7 -u 041913622C4C81
281,오즈먼드,hf mfu eload -f amii/오즈먼드.eml,hf 14a sim -t 7 -u 04C985622C4C80
282,줌마,hf mfu eload -f amii/줌마.eml,hf 14a sim -t 7 -u 04B67B328D4B80
283,헐크,hf mfu eload -f amii/헐크.eml,hf 14a sim -t 7 -u 0481B3328D4B81
284,치즈,hf mfu eload -f amii/치즈.eml,hf 14a sim -t 7 -u 044AB1328D4B81
285,스트로베리,hf mfu eload -f amii/스트로베리.eml,hf 14a sim -t 7 -u 045A9C328D4B80
286,빙수,hf mfu eload -f amii/빙수.eml,hf 14a sim -t 7 -u 0416BEFA8C4B80
287,신디,hf mfu eload -f amii/신디.eml,hf 14a sim -t 7 -u 0425D7FA8C4B81
288,햄까스,hf mfu eload -f amii/햄까스.eml,hf 14a sim -t 7 -u 04C045328D4B80
289,펭기,hf mfu eload -f amii/펭기.eml,hf 14a sim -t 7 -u 04964F328D4B80
290,캐롤라인,hf mfu eload -f amii/캐롤라인.eml,hf 14a sim -t 7 -u 04E81F722C4C80
291,춘섭,hf mfu eload -f amii/춘섭.eml,hf 14a sim -t 7 -u 04B001622C4C84
292,트로와,hf mfu eload -f amii/트로와.eml,hf 14a sim -t 7 -u 046B2D722C4C80
293,호랭이,hf mfu eload -f amii/호랭이.eml,hf 14a sim -t 7 -u 04EE07622C4C84
294,메이첼,hf mfu eload -f amii/메이첼.eml,hf 14a sim -t 7 -u 04F4E04A8D4B80
295,퍼머거,hf mfu eload -f amii/퍼머거.eml,hf 14a sim -t 7 -u 04AE0D4A8D4B84
296,샨티,hf mfu eload -f amii/샨티.eml,hf 14a sim -t 7 -u 04D5ED428D4B80
297,아폴로,hf mfu eload -f amii/아폴로.eml,hf 14a sim -t 7 -u 046EE6428D4B80
298,봉,hf mfu eload -f amii/봉.eml,hf 14a sim -t 7 -u 04BBF4C2FE4A80
299,프랑소와,hf mfu eload -f amii/프랑소와.eml,hf 14a sim -t 7 -u 04C4F7C2FE4A80
300,크리스틴,hf mfu eload -f amii/크리스틴.eml,hf 14a sim -t 7 -u 046BFC328D4B80
301,여울,hf mfu eload -f amii/여울.eml,hf 14a sim -t 7 -u 0410BD022D4C81
302,마스터,hf mfu eload -f amii/마스터.eml,hf 14a sim -t 7 -u 048C6AAA724C80
303,마추릴라,hf mfu eload -f amii/마추릴라.eml,hf 14a sim -t 7 -u 04ABBD92724C80
304,파론티노,hf mfu eload -f amii/파론티노.eml,hf 14a sim -t 7 -u 049C7D92724C80
305,부옥,hf mfu eload -f amii/부옥.eml,hf 14a sim -t 7 -u 04B7C722314C80
306,밤돌이,hf mfu eload -f amii/밤돌이.eml,hf 14a sim -t 7 -u 04583262314C81
307,그레이스,hf mfu eload -f amii/그레이스.eml,hf 14a sim -t 7 -u 04478CB2724C81
308,갑순,hf mfu eload -f amii/갑순.eml,hf 14a sim -t 7 -u 047C637A724C80
309,도루묵씨,hf mfu eload -f amii/도루묵씨.eml,hf 14a sim -t 7 -u 04F407022D4C84
310,콩돌이,hf mfu eload -f amii/콩돌이.eml,hf 14a sim -t 7 -u 0478DA222D4C80
311,솜이,hf mfu eload -f amii/솜이.eml,hf 14a sim -t 7 -u 04EF08022D4C84
312,스승,hf mfu eload -f amii/스승.eml,hf 14a sim -t 7 -u 04469EAA724C80
313,베르리나,hf mfu eload -f amii/베르리나.eml,hf 14a sim -t 7 -u 04DA2FB2724C80
314,죠니,hf mfu eload -f amii/죠니.eml,hf 14a sim -t 7 -u 04D097AA724C80
315,여욱,hf mfu eload -f amii/여욱.eml,hf 14a sim -t 7 -u 046096B2724C81
316,토빗,hf mfu eload -f amii/토빗.eml,hf 14a sim -t 7 -u 04F2BDAA724C80
317,카라멜,hf mfu eload -f amii/카라멜.eml,hf 14a sim -t 7 -u 044477722E4C81
318,패치,hf mfu eload -f amii/패치.eml,hf 14a sim -t 7 -u 0421C51A2E4C81
319,링링,hf mfu eload -f amii/링링.eml,hf 14a sim -t 7 -u 04037122484B81
320,릭,hf mfu eload -f amii/릭.eml,hf 14a sim -t 7 -u 047EA00A484B81
321,스미모,hf mfu eload -f amii/스미모.eml,hf 14a sim -t 7 -u 041693E2444B81
322,곤잘레스,hf mfu eload -f amii/곤잘레스.eml,hf 14a sim -t 7 -u 04B644BA764C80
323,쵸이,hf mfu eload -f amii/쵸이.eml,hf 14a sim -t 7 -u 04122722484B81
324,글라햄,hf mfu eload -f amii/글라햄.eml,hf 14a sim -t 7 -u 044BD4BA764C81
325,말자,hf mfu eload -f amii/말자.eml,hf 14a sim -t 7 -u 044E50E28C4B80
326,휴지,hf mfu eload -f amii/휴지.eml,hf 14a sim -t 7 -u 0486B512764C81
327,찍순이,hf mfu eload -f amii/찍순이.eml,hf 14a sim -t 7 -u 045D937A314C81
328,만복이,hf mfu eload -f amii/만복이.eml,hf 14a sim -t 7 -u 0476B512764C81
329,히킨,hf mfu eload -f amii/히킨.eml,hf 14a sim -t 7 -u 0413F67A314C81
330,투투,hf mfu eload -f amii/투투.eml,hf 14a sim -t 7 -u 0459E27A314C81
331,바바라,hf mfu eload -f amii/바바라.eml,hf 14a sim -t 7 -u 0461FBB22C4C80
332,밥,hf mfu eload -f amii/밥.eml,hf 14a sim -t 7 -u 048564FA2C4C81
333,사이다,hf mfu eload -f amii/사이다.eml,hf 14a sim -t 7 -u 04802552484B80
334,자끄,hf mfu eload -f amii/자끄.eml,hf 14a sim -t 7 -u 04737EFA2C4C80
335,서머,hf mfu eload -f amii/서머.eml,hf 14a sim -t 7 -u 04FA10AA2C4C84
336,세바스찬,hf mfu eload -f amii/세바스찬.eml,hf 14a sim -t 7 -u 0439B6B22C4C81
337,택주,hf mfu eload -f amii/택주.eml,hf 14a sim -t 7 -u 04FF4B72314C80
338,시베리아,hf mfu eload -f amii/시베리아.eml,hf 14a sim -t 7 -u 04215762314C81
339,웬디,hf mfu eload -f amii/웬디.eml,hf 14a sim -t 7 -u 04B912022D4C80
340,볼트,hf mfu eload -f amii/볼트.eml,hf 14a sim -t 7 -u 044A3A7A474B80
341,아델레이드,hf mfu eload -f amii/아델레이드.eml,hf 14a sim -t 7 -u 0434BD62314C81
342,토미,hf mfu eload -f amii/토미.eml,hf 14a sim -t 7 -u 0418521A454B81
343,아롱이,hf mfu eload -f amii/아롱이.eml,hf 14a sim -t 7 -u 04E099E2444B80
344,찰스,hf mfu eload -f amii/찰스.eml,hf 14a sim -t 7 -u 04514B3A474B80
345,화자,hf mfu eload -f amii/화자.eml,hf 14a sim -t 7 -u 04D9C422314C80
346,덤벨,hf mfu eload -f amii/덤벨.eml,hf 14a sim -t 7 -u 04FB96222D4C80
347,아네사,hf mfu eload -f amii/아네사.eml,hf 14a sim -t 7 -u 04FD721A454B80
348,안토니오,hf mfu eload -f amii/안토니오.eml,hf 14a sim -t 7 -u 0441AE22314C80
349,루시,hf mfu eload -f amii/루시.eml,hf 14a sim -t 7 -u 0469F2BA474B80
350,샤브렌,hf mfu eload -f amii/샤브렌.eml,hf 14a sim -t 7 -u 04CAE8BA474B80
351,가위,hf mfu eload -f amii/가위.eml,hf 14a sim -t 7 -u 044C8262314C80
352,아더,hf mfu eload -f amii/아더.eml,hf 14a sim -t 7 -u 04914E22314C80
353,몽자,hf mfu eload -f amii/몽자.eml,hf 14a sim -t 7 -u 0471A762314C81
354,관록,hf mfu eload -f amii/관록.eml,hf 14a sim -t 7 -u 04887062314C80
355,미랑,hf mfu eload -f amii/미랑.eml,hf 14a sim -t 7 -u 045C8162314C80
356,피엘,hf mfu eload -f amii/피엘.eml,hf 14a sim -t 7 -u 04C69662314C80
357,오로라,hf mfu eload -f amii/오로라.eml,hf 14a sim -t 7 -u 0442699A724C80
358,마사마,hf mfu eload -f amii/마사마.eml,hf 14a sim -t 7 -u 04FA599A724C80
359,애플,hf mfu eload -f amii/애플.eml,hf 14a sim -t 7 -u 04CE8B82724C80
360,쟝,hf mfu eload -f amii/쟝.eml,hf 14a sim -t 7 -u 0465BFB2764C80
361,타마,hf mfu eload -f amii/타마.eml,hf 14a sim -t 7 -u 048C69BA724C81
362,스파크,hf mfu eload -f amii/스파크.eml,hf 14a sim -t 7 -u 043A2E9A724C81
363,티파니,hf mfu eload -f amii/티파니.eml,hf 14a sim -t 7 -u 04D8F082724C80
364,탁호,hf mfu eload -f amii/탁호.eml,hf 14a sim -t 7 -u 049D2482724C80
365,체리,hf mfu eload -f amii/체리.eml,hf 14a sim -t 7 -u 04422482724C81
366,철컥,hf mfu eload -f amii/철컥.eml,hf 14a sim -t 7 -u 04AC927A474B80
367,실부플레,hf mfu eload -f amii/실부플레.eml,hf 14a sim -t 7 -u 04AF3D12484B80
368,츄양,hf mfu eload -f amii/츄양.eml,hf 14a sim -t 7 -u 0436328A474B81
369,실비아,hf mfu eload -f amii/실비아.eml,hf 14a sim -t 7 -u 04969DB2314C80
370,쪼끼,hf mfu eload -f amii/쪼끼.eml,hf 14a sim -t 7 -u 04CDBB82724C80
371,라라미,hf mfu eload -f amii/라라미.eml,hf 14a sim -t 7 -u 040EA8DA184A81
372,토니,hf mfu eload -f amii/토니.eml,hf 14a sim -t 7 -u 04880DB2764C84
373,주디,hf mfu eload -f amii/주디.eml,hf 14a sim -t 7 -u 044B86E2474B81
374,탱크,hf mfu eload -f amii/탱크.eml,hf 14a sim -t 7 -u 044E6FA2764C81
375,아리아,hf mfu eload -f amii/아리아.eml,hf 14a sim -t 7 -u 04608BAA474B81
376,조르쥐,hf mfu eload -f amii/조르쥐.eml,hf 14a sim -t 7 -u 041A45B2764C81
377,시드니,hf mfu eload -f amii/시드니.eml,hf 14a sim -t 7 -u 04100CB2314C85
378,곰시,hf mfu eload -f amii/곰시.eml,hf 14a sim -t 7 -u 046C9982474B80
379,그리미,hf mfu eload -f amii/그리미.eml,hf 14a sim -t 7 -u 049DD58A314C80
380,멧지,hf mfu eload -f amii/멧지.eml,hf 14a sim -t 7 -u 04D73882474B80
381,마릴린,hf mfu eload -f amii/마릴린.eml,hf 14a sim -t 7 -u 047D4F8A314C80
382,늑태,hf mfu eload -f amii/늑태.eml,hf 14a sim -t 7 -u 04CABE72474B80
383,데이빗,hf mfu eload -f amii/데이빗.eml,hf 14a sim -t 7 -u 046C4F8A314C80
384,샐리,hf mfu eload -f amii/샐리.eml,hf 14a sim -t 7 -u 042D89C2764C81
385,럭키,hf mfu eload -f amii/럭키.eml,hf 14a sim -t 7 -u 0412A982314C80
386,부케,hf mfu eload -f amii/부케.eml,hf 14a sim -t 7 -u 04BDC5A2764C80
387,고메스,hf mfu eload -f amii/고메스.eml,hf 14a sim -t 7 -u 04517AFA474B81
388,앤,hf mfu eload -f amii/앤.eml,hf 14a sim -t 7 -u 0441A0A2764C80
389,브루스,hf mfu eload -f amii/브루스.eml,hf 14a sim -t 7 -u 04EFF98A474B80
390,산토스,hf mfu eload -f amii/산토스.eml,hf 14a sim -t 7 -u 04BF7CB2314C80
391,앨리,hf mfu eload -f amii/앨리.eml,hf 14a sim -t 7 -u 044ABDAA474B80
392,타키,hf mfu eload -f amii/타키.eml,hf 14a sim -t 7 -u 04C9279A314C80
393,구리구리,hf mfu eload -f amii/구리구리.eml,hf 14a sim -t 7 -u 040D83B2314C81
394,무뚝,hf mfu eload -f amii/무뚝.eml,hf 14a sim -t 7 -u 049088F2474B80
395,파슬리,hf mfu eload -f amii/파슬리.eml,hf 14a sim -t 7 -u 04E985B2314C80
396,시몬,hf mfu eload -f amii/시몬.eml,hf 14a sim -t 7 -u 044C3B9A314C80
397,김말이,hf mfu eload -f amii/김말이.eml,hf 14a sim -t 7 -u 047785B2314C80
398,반데스,hf mfu eload -f amii/반데스.eml,hf 14a sim -t 7 -u 043AB29A314C81
399,핀틱,hf mfu eload -f amii/핀틱.eml,hf 14a sim -t 7 -u 040AF89A314C81
400,파틱,hf mfu eload -f amii/파틱.eml,hf 14a sim -t 7 -u 0449549A314C80
401,너굴,hf mfu eload -f amii/너굴.eml,hf 14a sim -t 7 -u 043765F26A7381
402,콩돌이&밤돌이,hf mfu eload -f amii/콩돌이&밤돌이.eml,hf 14a sim -t 7 -u 04F61342FC7380
403,여울,hf mfu eload -f amii/여울.eml,hf 14a sim -t 7 -u 046CBCA26F7381
404,모리,hf mfu eload -f amii/모리.eml,hf 14a sim -t 7 -u 04B9BD5ABA7280
405,로드리,hf mfu eload -f amii/로드리.eml,hf 14a sim -t 7 -u 045A2F6A037380
406,부엉,hf mfu eload -f amii/부엉.eml,hf 14a sim -t 7 -u 047F6112217381
407,부옥,hf mfu eload -f amii/부옥.eml,hf 14a sim -t 7 -u 0412B6B26F7381
408,고순이,hf mfu eload -f amii/고순이.eml,hf 14a sim -t 7 -u 0436CEDA6A7380
409,고옥이,hf mfu eload -f amii/고옥이.eml,hf 14a sim -t 7 -u 048D9BA26F7380
410,고숙이,hf mfu eload -f amii/고숙이.eml,hf 14a sim -t 7 -u 04A75032EE7280
411,KK,hf mfu eload -f amii/KK.eml,hf 14a sim -t 7 -u 04D87412217380
412,저스틴,hf mfu eload -f amii/저스틴.eml,hf 14a sim -t 7 -u 045AF06A037380
413,레온,hf mfu eload -f amii/레온.eml,hf 14a sim -t 7 -u 044F2A826F7380
414,무파니,hf mfu eload -f amii/무파니.eml,hf 14a sim -t 7 -u 0406696A037381
415,패트릭,hf mfu eload -f amii/패트릭.eml,hf 14a sim -t 7 -u 04D122B26F7380
416,사하라,hf mfu eload -f amii/사하라.eml,hf 14a sim -t 7 -u 048B7D6A037380
417,파니엘,hf mfu eload -f amii/파니엘.eml,hf 14a sim -t 7 -u 04D222B26F7380
418,죠니,hf mfu eload -f amii/죠니.eml,hf 14a sim -t 7 -u 04BCAD8A6F7380
419,깨빈,hf mfu eload -f amii/깨빈.eml,hf 14a sim -t 7 -u 041DC7926F7380
420,솜이,hf mfu eload -f amii/솜이.eml,hf 14a sim -t 7 -u 04EA8F826F7380
421,방글,hf mfu eload -f amii/방글.eml,hf 14a sim -t 7 -u 048665DA6A7381
422,너티,hf mfu eload -f amii/너티.eml,hf 14a sim -t 7 -u 04FD163AFC7380
423,너굴,hf mfu eload -f amii/너굴.eml,hf 14a sim -t 7 -u 0411B6B26F7381
424,여울,hf mfu eload -f amii/여울.eml,hf 14a sim -t 7 -u 04474F0A217381
425,래미,hf mfu eload -f amii/래미.eml,hf 14a sim -t 7 -u 0482BEC26F7380
426,캔디,hf mfu eload -f amii/캔디.eml,hf 14a sim -t 7 -u 047593E26F7381
427,차둘,hf mfu eload -f amii/차둘.eml,hf 14a sim -t 7 -u 0497D162E97380
428,모니카,hf mfu eload -f amii/모니카.eml,hf 14a sim -t 7 -u 0465E96AE97380
429,펑크스,hf mfu eload -f amii/펑크스.eml,hf 14a sim -t 7 -u 048C82FA6F7380
430,미애,hf mfu eload -f amii/미애.eml,hf 14a sim -t 7 -u 04CCA1A2E97380
431,잭슨,hf mfu eload -f amii/잭슨.eml,hf 14a sim -t 7 -u 04BB8DE26F7380
432,리아나,hf mfu eload -f amii/리아나.eml,hf 14a sim -t 7 -u 046B2B7AE97380
433,미첼,hf mfu eload -f amii/미첼.eml,hf 14a sim -t 7 -u 047B6EA2E97380
434,스피카,hf mfu eload -f amii/스피카.eml,hf 14a sim -t 7 -u 0469B7A2E97381
435,제천,hf mfu eload -f amii/제천.eml,hf 14a sim -t 7 -u 045A2B7AE97380
436,요비,hf mfu eload -f amii/요비.eml,hf 14a sim -t 7 -u 04A08FDA6F7380
437,보스터,hf mfu eload -f amii/보스터.eml,hf 14a sim -t 7 -u 04B3D662E97380
438,리카,hf mfu eload -f amii/리카.eml,hf 14a sim -t 7 -u 045D9662E97380
439,기가,hf mfu eload -f amii/기가.eml,hf 14a sim -t 7 -u 045B4182E97380
440,시온,hf mfu eload -f amii/시온.eml,hf 14a sim -t 7 -u 0466AFA2E97381
441,펭구,hf mfu eload -f amii/펭구.eml,hf 14a sim -t 7 -u 0447F112707380
442,소면,hf mfu eload -f amii/소면.eml,hf 14a sim -t 7 -u 048CFEF26F7380
443,페더,hf mfu eload -f amii/페더.eml,hf 14a sim -t 7 -u 04F7CACA6F7380
444,데자네,hf mfu eload -f amii/데자네.eml,hf 14a sim -t 7 -u 0421EAA2E97381
445,샹펜,hf mfu eload -f amii/샹펜.eml,hf 14a sim -t 7 -u 0492B41A707380
446,페튜니아,hf mfu eload -f amii/페튜니아.eml,hf 14a sim -t 7 -u 046FFEE26F7380
447,삐로코,hf mfu eload -f amii/삐로코.eml,hf 14a sim -t 7 -u 0453AFA2E97381
448,마치,hf mfu eload -f amii/마치.eml,hf 14a sim -t 7 -u 0431EAA2E97381
001,바네사,hf mfu eload -f amii/바네사.eml,hf 14a sim -t 7 -u 044988DA774C81
002,홉킨스,hf mfu eload -f amii/홉킨스.eml,hf 14a sim -t 7 -u 04CA77A2774C80
003,메이,hf mfu eload -f amii/메이.eml,hf 14a sim -t 7 -u 04A5A8A2774C80
004,파이프,hf mfu eload -f amii/파이프.eml,hf 14a sim -t 7 -u 04C864DA774C80
005,파올로,hf mfu eload -f amii/파올로.eml,hf 14a sim -t 7 -u 04658922784C80
006,뿌람,hf mfu eload -f amii/뿌람.eml,hf 14a sim -t 7 -u 04648922784C80
007,아크릴,hf mfu eload -f amii/아크릴.eml,hf 14a sim -t 7 -u 045D41A2774C80
008,티볼트,hf mfu eload -f amii/티볼트.eml,hf 14a sim -t 7 -u 04D4102A784C80
009,스트로,hf mfu eload -f amii/스트로.eml,hf 14a sim -t 7 -u 04403E82314C81
010,실바나,hf mfu eload -f amii/실바나.eml,hf 14a sim -t 7 -u 04BF2EDA774C80
011,보리,hf mfu eload -f amii/보리.eml,hf 14a sim -t 7 -u 04D40A12784C80
012,호떡,hf mfu eload -f amii/호떡.eml,hf 14a sim -t 7 -u 047FC0D2774C81
013,마미,hf mfu eload -f amii/마미.eml,hf 14a sim -t 7 -u 046BBFCA754C80
014,케첩,hf mfu eload -f amii/케첩.eml,hf 14a sim -t 7 -u 04C73952764C80
015,렉스,hf mfu eload -f amii/렉스.eml,hf 14a sim -t 7 -u 042184CA754C81
016,모리스,hf mfu eload -f amii/모리스.eml,hf 14a sim -t 7 -u 04C4C0CA754C80
017,네이아,hf mfu eload -f amii/네이아.eml,hf 14a sim -t 7 -u 04DF64CA754C80
018,야곱,hf mfu eload -f amii/야곱.eml,hf 14a sim -t 7 -u 0410A5CA754C80
019,마롱,hf mfu eload -f amii/마롱.eml,hf 14a sim -t 7 -u 045365CA754C80
020,힘드러,hf mfu eload -f amii/힘드러.eml,hf 14a sim -t 7 -u 049496CA754C81
021,보이드,hf mfu eload -f amii/보이드.eml,hf 14a sim -t 7 -u 04AD80CA754C80
022,비티,hf mfu eload -f amii/비티.eml,hf 14a sim -t 7 -u 04959A52BA4C80
023,마가렛,hf mfu eload -f amii/마가렛.eml,hf 14a sim -t 7 -u 0468EFCA754C80
024,머피,hf mfu eload -f amii/머피.eml,hf 14a sim -t 7 -u 04701BCA754C80
025,파타야,hf mfu eload -f amii/파타야.eml,hf 14a sim -t 7 -u 042AB4DA774C80
026,샌디,hf mfu eload -f amii/샌디.eml,hf 14a sim -t 7 -u 042BB4DA774C80
027,비니거,hf mfu eload -f amii/비니거.eml,hf 14a sim -t 7 -u 04E21012784C80
028,개군,hf mfu eload -f amii/개군.eml,hf 14a sim -t 7 -u 041BB4DA774C80
029,줄리아,hf mfu eload -f amii/줄리아.eml,hf 14a sim -t 7 -u 044D4722784C81
030,머슬,hf mfu eload -f amii/머슬.eml,hf 14a sim -t 7 -u 04889A52724C81
031,베이글,hf mfu eload -f amii/베이글.eml,hf 14a sim -t 7 -u 04A72B22784C80
032,일섭,hf mfu eload -f amii/일섭.eml,hf 14a sim -t 7 -u 0436B11A784C81
033,에끌레르,hf mfu eload -f amii/에끌레르.eml,hf 14a sim -t 7 -u 048F81C2774C80
034,풍작,hf mfu eload -f amii/풍작.eml,hf 14a sim -t 7 -u 04FB84C2774C80
035,아잠만,hf mfu eload -f amii/아잠만.eml,hf 14a sim -t 7 -u 04A181C2774C80
036,사탕,hf mfu eload -f amii/사탕.eml,hf 14a sim -t 7 -u 04EB84C2774C80
037,티처,hf mfu eload -f amii/티처.eml,hf 14a sim -t 7 -u 047A87B2774C80
038,스쿼트,hf mfu eload -f amii/스쿼트.eml,hf 14a sim -t 7 -u 04F93622784C80
039,캐시미어,hf mfu eload -f amii/캐시미어.eml,hf 14a sim -t 7 -u 040E3F9A774C81
040,텀보,hf mfu eload -f amii/텀보.eml,hf 14a sim -t 7 -u 0480EF1A784C80
041,미자,hf mfu eload -f amii/미자.eml,hf 14a sim -t 7 -u 041FA43ABA4C81
042,근성,hf mfu eload -f amii/근성.eml,hf 14a sim -t 7 -u 0462873ABA4C80
043,헤르츠,hf mfu eload -f amii/헤르츠.eml,hf 14a sim -t 7 -u 044669CAE94C81
044,스누티,hf mfu eload -f amii/스누티.eml,hf 14a sim -t 7 -u 04519ACAE94C80
045,올리브,hf mfu eload -f amii/올리브.eml,hf 14a sim -t 7 -u 044BEE32764C80
046,켄,hf mfu eload -f amii/켄.eml,hf 14a sim -t 7 -u 0479C8AAE94C81
047,근엄,hf mfu eload -f amii/근엄.eml,hf 14a sim -t 7 -u 0478C8AAE94C81
048,아이소토프,hf mfu eload -f amii/아이소토프.eml,hf 14a sim -t 7 -u 0409389ADE4C81
S1,릴라,hf mfu eload -f amii/릴라.eml,hf 14a sim -t 7 -u 0487BC7A764C80
S2,마티,hf mfu eload -f amii/마티.eml,hf 14a sim -t 7 -u 044EBBA22D4C80
S3,에뜨와르,hf mfu eload -f amii/에뜨와르.eml,hf 14a sim -t 7 -u 049D1CDA774C80
S4,피카,hf mfu eload -f amii/피카.eml,hf 14a sim -t 7 -u 042C38BA774C81
S5,첼시,hf mfu eload -f amii/첼시.eml,hf 14a sim -t 7 -u 0455CD7A764C81
S6,토비,hf mfu eload -f amii/토비.eml,hf 14a sim -t 7 -u 04D6DC32314C80